--
-- PostgreSQL database dump
--

-- Dumped from database version 9.3.4
-- Dumped by pg_dump version 9.3.4
-- Started on 2015-04-24 22:46:16

SET statement_timeout = 0;
SET lock_timeout = 0;
SET client_encoding = 'UTF8';
SET standard_conforming_strings = on;
SET check_function_bodies = false;
SET client_min_messages = warning;

--
-- TOC entry 189 (class 3079 OID 11750)
-- Name: plpgsql; Type: EXTENSION; Schema: -; Owner: 
--

CREATE EXTENSION IF NOT EXISTS plpgsql WITH SCHEMA pg_catalog;


--
-- TOC entry 3214 (class 0 OID 0)
-- Dependencies: 189
-- Name: EXTENSION plpgsql; Type: COMMENT; Schema: -; Owner: 
--

COMMENT ON EXTENSION plpgsql IS 'PL/pgSQL procedural language';


--
-- TOC entry 190 (class 3079 OID 62701)
-- Name: postgis; Type: EXTENSION; Schema: -; Owner: 
--

CREATE EXTENSION IF NOT EXISTS postgis WITH SCHEMA public;


--
-- TOC entry 3215 (class 0 OID 0)
-- Dependencies: 190
-- Name: EXTENSION postgis; Type: COMMENT; Schema: -; Owner: 
--

COMMENT ON EXTENSION postgis IS 'PostGIS geometry, geography, and raster spatial types and functions';


SET search_path = public, pg_catalog;

--
-- TOC entry 185 (class 1259 OID 70900)
-- Name: ownerId_seq; Type: SEQUENCE; Schema: public; Owner: postgres
--

CREATE SEQUENCE "ownerId_seq"
    START WITH 1
    INCREMENT BY 1
    NO MINVALUE
    MAXVALUE 999999
    CACHE 1;


ALTER TABLE public."ownerId_seq" OWNER TO postgres;

SET default_tablespace = '';

SET default_with_oids = false;

--
-- TOC entry 187 (class 1259 OID 70907)
-- Name: ownerinfo; Type: TABLE; Schema: public; Owner: postgres; Tablespace: 
--

CREATE TABLE ownerinfo (
    id integer NOT NULL,
    name character varying(100),
    "Address" character varying(50),
    "imagePath" character varying(50)
);


ALTER TABLE public.ownerinfo OWNER TO postgres;

--
-- TOC entry 186 (class 1259 OID 70905)
-- Name: ownerinfo_id_seq; Type: SEQUENCE; Schema: public; Owner: postgres
--

CREATE SEQUENCE ownerinfo_id_seq
    START WITH 1
    INCREMENT BY 1
    NO MINVALUE
    NO MAXVALUE
    CACHE 1;


ALTER TABLE public.ownerinfo_id_seq OWNER TO postgres;

--
-- TOC entry 3216 (class 0 OID 0)
-- Dependencies: 186
-- Name: ownerinfo_id_seq; Type: SEQUENCE OWNED BY; Schema: public; Owner: postgres
--

ALTER SEQUENCE ownerinfo_id_seq OWNED BY ownerinfo.id;


--
-- TOC entry 184 (class 1259 OID 63998)
-- Name: parcels; Type: TABLE; Schema: public; Owner: postgres; Tablespace: 
--

CREATE TABLE parcels (
    gid integer NOT NULL,
    id character varying(100),
    landuse_ty character varying(100),
    soil_profi character varying(100),
    crop_detai character varying(100),
    land_owner character varying(100),
    area_sqm numeric(10,0),
    geom geometry(MultiPolygon),
    "ownerId" character varying(10),
    "isOnLease" boolean,
    "LeaseFrom" date,
    "LeaseTo" date
);


ALTER TABLE public.parcels OWNER TO postgres;

--
-- TOC entry 183 (class 1259 OID 63996)
-- Name: parcels_gid_seq; Type: SEQUENCE; Schema: public; Owner: postgres
--

CREATE SEQUENCE parcels_gid_seq
    START WITH 1
    INCREMENT BY 1
    NO MINVALUE
    NO MAXVALUE
    CACHE 1;


ALTER TABLE public.parcels_gid_seq OWNER TO postgres;

--
-- TOC entry 3217 (class 0 OID 0)
-- Dependencies: 183
-- Name: parcels_gid_seq; Type: SEQUENCE OWNED BY; Schema: public; Owner: postgres
--

ALTER SEQUENCE parcels_gid_seq OWNED BY parcels.gid;


--
-- TOC entry 188 (class 1259 OID 70913)
-- Name: soil_Nutr_Detail; Type: TABLE; Schema: public; Owner: postgres; Tablespace: 
--

CREATE TABLE "soil_Nutr_Detail" (
    "soil_Code" character varying(50) NOT NULL,
    nitrogen double precision,
    "Phos" double precision,
    pottas double precision
);


ALTER TABLE public."soil_Nutr_Detail" OWNER TO postgres;

--
-- TOC entry 3079 (class 2604 OID 70910)
-- Name: id; Type: DEFAULT; Schema: public; Owner: postgres
--

ALTER TABLE ONLY ownerinfo ALTER COLUMN id SET DEFAULT nextval('ownerinfo_id_seq'::regclass);


--
-- TOC entry 3078 (class 2604 OID 64001)
-- Name: gid; Type: DEFAULT; Schema: public; Owner: postgres
--

ALTER TABLE ONLY parcels ALTER COLUMN gid SET DEFAULT nextval('parcels_gid_seq'::regclass);


--
-- TOC entry 3218 (class 0 OID 0)
-- Dependencies: 185
-- Name: ownerId_seq; Type: SEQUENCE SET; Schema: public; Owner: postgres
--

SELECT pg_catalog.setval('"ownerId_seq"', 1, false);


--
-- TOC entry 3205 (class 0 OID 70907)
-- Dependencies: 187
-- Data for Name: ownerinfo; Type: TABLE DATA; Schema: public; Owner: postgres
--

COPY ownerinfo (id, name, "Address", "imagePath") FROM stdin;
1	Sahdev Kaul	XXX,HHHH,India	/Demo/images/farmer-1.png
2	Ikabal Khan	XXX,HHHH,India	/Demo/images/farmer-1.png
3	Guljinder Jindal	XXX,HHHH,India	/Demo/images/farmer-1.png
5	Gurman Singh Man	XXX,HHHH,India	/Demo/images/farmer-1.png
6	Gopal Singh Tomar	XXX,HHHH,India	/Demo/images/farmer-1.png
7	Krishna Agrawal	XXX,HHHH,India	/Demo/images/farmer-1.png
8	Nakail Singh	XXX,HHHH,India	/Demo/images/farmer-1.png
9	Nikhil Kaul	XXX,HHHH,India	/Demo/images/farmer-1.png
10	Niyati Chauhan	XXX,HHHH,India	/Demo/images/farmer-1.png
11	Nagendra Pal Singh	XXX,HHHH,India	/Demo/images/farmer-1.png
12	Rohan Pratap	XXX,HHHH,India	/Demo/images/farmer-1.png
14	Sarwati Bano	XXX,HHHH,India	/Demo/images/farmer-1.png
15	Kartar Gurjar	XXX,HHHH,India	/Demo/images/farmer-1.png
16	Kamal Nath	XXX,HHHH,India	/Demo/images/farmer-1.png
17	Lakhan Singh	XXX,HHHH,India	/Demo/images/farmer-1.png
18	Gurmeet Kaur	XXX,HHHH,India	/Demo/images/farmer-1.png
19	Nagarjun K.	XXX,HHHH,India	/Demo/images/farmer-1.png
20	Jamuna Bai	XXX,HHHH,India	/Demo/images/farmer-1.png
21	Khushboo Rani	XXX,HHHH,India	/Demo/images/farmer-1.png
22	Sateyendra Pal	XXX,HHHH,India	/Demo/images/farmer-1.png
23	Narendra Bhai	XXX,HHHH,India	/Demo/images/farmer-1.png
24	Sanjay Kapoor	XXX,HHHH,India	/Demo/images/farmer-1.png
25	Yogesh Kumar	XXX,HHHH,India	/Demo/images/farmer-1.png
26	HArdayal Kaul	XXX,HHHH,India	/Demo/images/farmer-1.png
27	Sanchar Singh	XXX,HHHH,India	/Demo/images/farmer-1.png
28	Praveen Singh Chauhan	XXX,HHHH,India	/Demo/images/farmer-1.png
29	Arjun Kapoor	XXX,HHHH,India	/Demo/images/farmer-1.png
30	Rahilah Begam	XXX,HHHH,India	/Demo/images/farmer-1.png
31	Jasdeep Kaur	XXX,HHHH,India	/Demo/images/farmer-1.png
32	Harinarayan Parekh	XXX,HHHH,India	/Demo/images/farmer-1.png
33	Himani Chauhan	XXX,HHHH,India	/Demo/images/farmer-1.png
34	Man Singh	XXX,HHHH,India	/Demo/images/farmer-1.png
35	Sukhvinder PAl	XXX,HHHH,India	/Demo/images/farmer-1.png
36	Lathait Singh Gurjar	XXX,HHHH,India	/Demo/images/farmer-1.png
37	Baldev Sahani	XXX,HHHH,India	/Demo/images/farmer-1.png
38	Nahal Singh	XXX,HHHH,India	/Demo/images/farmer-1.png
39	Palwal Singh	XXX,HHHH,India	/Demo/images/farmer-1.png
40	Rajendra Prasad	XXX,HHHH,India	/Demo/images/farmer-1.png
41	Kamlawati	XXX,HHHH,India	/Demo/images/farmer-1.png
42	Shankar Singh	XXX,HHHH,India	/Demo/images/farmer-1.png
43	Sarnam Singh	XXX,HHHH,India	/Demo/images/farmer-1.png
44	Harjeet Kaur	XXX,HHHH,India	/Demo/images/farmer-1.png
45	Nakul Dhagat	XXX,HHHH,India	/Demo/images/farmer-1.png
46	Sarvesh Singh Chauhan	XXX,HHHH,India	/Demo/images/farmer-1.png
47	Sakpal Singh	XXX,HHHH,India	/Demo/images/farmer-1.png
48	Hridesh Gujjar	XXX,HHHH,India	/Demo/images/farmer-1.png
49	Harendra Singh Thakur	XXX,HHHH,India	/Demo/images/farmer-1.png
50	Jagannath Singh	XXX,HHHH,India	/Demo/images/farmer-1.png
51	Harpreet Singh	XXX,HHHH,India	/Demo/images/farmer-1.png
52	Himani Sahani	XXX,HHHH,India	/Demo/images/farmer-1.png
13	Baljinder Kaur	XXX,HHHH,India	/Demo/images/farmer-2.png
4	Palvinder Singh	XXX,HHHH,India	/Demo/images/farmer-2.png
\.


--
-- TOC entry 3219 (class 0 OID 0)
-- Dependencies: 186
-- Name: ownerinfo_id_seq; Type: SEQUENCE SET; Schema: public; Owner: postgres
--

SELECT pg_catalog.setval('ownerinfo_id_seq', 52, true);


--
-- TOC entry 3202 (class 0 OID 63998)
-- Dependencies: 184
-- Data for Name: parcels; Type: TABLE DATA; Schema: public; Owner: postgres
--

COPY parcels (gid, id, landuse_ty, soil_profi, crop_detai, land_owner, area_sqm, geom, "ownerId", "isOnLease", "LeaseFrom", "LeaseTo") FROM stdin;
11	11	Fallow Land	N2-A2	Maize	Harendra Singh Thakur	4093	0106000000010000000103000000010000000500000047C8ADC73D0EE2C08C943EB0596D4A41F062DFCB2106E2C08EC9B271566D4A4171033717B406E2C0E5F2779E376D4A4152A0EF54CA0EE2C0D0B8C5B2396D4A4147C8ADC73D0EE2C08C943EB0596D4A41	49	t	2015-04-20	2018-04-20
12	12	Fallow Land	N2-A2	Maize	Man Singh	1691	01060000000100000001030000000100000006000000B0C27039FB08E2C07C064ADE976D4A417002390C8E09E2C04C84402B816D4A4143B4AF04120EE2C014373DBF7F6D4A418777F94B780DE2C0BFECBD27986D4A41106EC513CE0CE2C0015D611D986D4A41B0C27039FB08E2C07C064ADE976D4A41	34	t	2015-04-20	2018-04-20
10	10	Fallow Land	N2-A3	Wheat	Nikhil Kaul	10868	0106000000010000000103000000010000000D000000C559D088BC06E2C047FF0C3C1E6D4A41888A15DFA507E2C094A2D4D8E86C4A4150211E246C0AE2C04177FFB3EC6C4A41D07A7C93420CE2C0B5FE1114ED6C4A41D001B60E800EE2C0E8E16E3AEF6C4A4190180BF75111E2C0EE2C495EF06C4A41C0FDA8563A15E2C0D5CF811DF56C4A4137386AEA4F15E2C080706330F56C4A413DD7B915A314E2C084CE34B0206D4A41F099A4BC1C0FE2C0F4D7696E206D4A41638AD4A0190FE2C07A4C5AF1206D4A41A0D452CD670EE2C0A2AC7549206D4A41C559D088BC06E2C047FF0C3C1E6D4A41	9	t	2015-04-20	2018-04-20
13	13	Fallow Land	N2-A2	Maize	Gopal Singh Tomar	1954	0106000000010000000103000000010000000900000001488EC89F09E2C02ADEBA33786D4A4180507ECE820BE2C03B7AC142786D4A41507FD950290CE2C03C3A38DB586D4A4147C8ADC73D0EE2C08C943EB0596D4A41A0D5C5163C0EE2C02689C6125A6D4A412CD5C216F40EE2C0D888E0D95B6D4A4143B4AF04120EE2C014373DBF7F6D4A4134A4652CC409E2C0F83B351A816D4A4101488EC89F09E2C02ADEBA33786D4A41	6	t	2015-04-20	2018-04-20
6	6	Agriculture	N2-A3	Rice	Shankar Singh	2907	010600000001000000010300000001000000080000004AE425A3F017E2C0F9CAF772226D4A41A04523DEA114E2C01506A1FE206D4A4137386AEA4F15E2C080706330F56C4A4100886B7A9718E2C0F2C10E0FF86C4A41CF7AD38BA019E2C06EBB864BF96C4A417C59E5C5CA18E2C0FECD2E3D216D4A4170E2D219F617E2C0C73D4B1C216D4A414AE425A3F017E2C0F9CAF772226D4A41	42	\N	\N	\N
7	7	Agriculture	N2-A3	Maize	Gurman Singh Man	3917	0106000000010000000103000000010000000900000052A0EF54CA0EE2C0D0B8C5B2396D4A4120BCC20A1D05E2C057BACE35376D4A41301EB5DC8105E2C0AA9AD6E71D6D4A41A0D452CD670EE2C0A2AC7549206D4A41638AD4A0190FE2C07A4C5AF1206D4A4140C3C87FF50EE2C07FAD25E3266D4A41D2DB0A1B2C0FE2C020C193BF296D4A41508D2E7E100FE2C0F353B9BA296D4A4152A0EF54CA0EE2C0D0B8C5B2396D4A41	5	\N	\N	\N
8	8	Fallow Land	N2-A2	Maize	Lathait Singh Gurjar	7028	010600000001000000010300000001000000070000002CD5C216F40EE2C0D888E0D95B6D4A41A0D5C5163C0EE2C02689C6125A6D4A41508D2E7E100FE2C0F353B9BA296D4A415B50BDA7CC17E2C041C1C0432B6D4A4104D27355FF16E2C072AE74915D6D4A41E0E0C378F50EE2C04EE8AAA15B6D4A412CD5C216F40EE2C0D888E0D95B6D4A41	36	\N	\N	\N
9	9	Fallow Land	N2-A3	Rice	Baldev Sahani	1345	01060000000100000001030000000100000008000000D2DB0A1B2C0FE2C020C193BF296D4A4140C3C87FF50EE2C07FAD25E3266D4A41F099A4BC1C0FE2C0F4D7696E206D4A413DD7B915A314E2C084CE34B0206D4A41A04523DEA114E2C01506A1FE206D4A414AE425A3F017E2C0F9CAF772226D4A415B50BDA7CC17E2C041C1C0432B6D4A41D2DB0A1B2C0FE2C020C193BF296D4A41	37	\N	\N	\N
32	32	Fallow Land	N2-A3	Wheat	Jagannath Singh	2600	0106000000010000000103000000010000000A000000D8183E0E64EDE1C084A661582F6D4A41DC04AC885CEDE1C0F45C30572F6D4A41B772C25E6AEDE1C0710C3AC2186D4A4157126232B1EDE1C0758EFD38186D4A413AEE295702F6E1C0B45D7DB11A6D4A41B95C783413F6E1C091C43A83236D4A4120C7A1FFFCF5E1C02C9E067B236D4A41BA9778ACD4F5E1C01D3264C42C6D4A41C02F79CD72EDE1C02F6520E42B6D4A41D8183E0E64EDE1C084A661582F6D4A41	50	t	2015-04-20	2018-04-20
14	14	Fallow Land	N2-A2	Maize	Praveen Singh Chauhan	8817	01060000000100000001030000000100000008000000FAC6B0C609F8E1C0DFC8ECCC956D4A4140A798B5E7F8E1C03FCC18DF756D4A41804626219C09E2C01A84F24E776D4A4134A4652CC409E2C0F83B351A816D4A417002390C8E09E2C04C84402B816D4A41B0C27039FB08E2C07C064ADE976D4A4100E61FA6B200E2C053F49B55976D4A41FAC6B0C609F8E1C0DFC8ECCC956D4A41	28	t	2015-04-20	2018-04-20
15	15	Fallow Land	N2-A2	Maize	Gurmeet Kaur	2983	0106000000010000000103000000010000000700000097D06D85AF05E2C06E5988F8766D4A41CDA7EA175606E2C03AFD9E86566D4A41507FD950290CE2C03C3A38DB586D4A4180507ECE820BE2C03B7AC142786D4A4101488EC89F09E2C02ADEBA33786D4A41804626219C09E2C01A84F24E776D4A4197D06D85AF05E2C06E5988F8766D4A41	18	t	2015-04-20	2018-04-20
16	16	Fallow Land	N2-A3	Wheat	Palvinder Singh	8951	01060000000100000001030000000100000008000000622CF272C1F6E1C054B19006FB6C4A4180854B31A9F6E1C07D56A3DFF96C4A41E68A6698AFF6E1C00434458DCE6C4A412067A8DFC1F8E1C08F830788D26C4A41A01EE5E500FFE1C0A8F121D5DC6C4A41888A15DFA507E2C094A2D4D8E86C4A41F700734A3F07E2C03EB44551006D4A41622CF272C1F6E1C054B19006FB6C4A41	4	t	2015-04-20	2018-04-20
17	17	Fallow Land	N2-A3	Wheat	Harjeet Kaur	6917	010600000001000000010300000001000000070000002F66F68F45FDE1C0EAB0403F766D4A41E0BB5E8E2CFEE1C0481AE6EB416D4A41681630A37606E2C055DA4D91446D4A41F062DFCB2106E2C08EC9B271566D4A41CDA7EA175606E2C03AFD9E86566D4A4197D06D85AF05E2C06E5988F8766D4A412F66F68F45FDE1C0EAB0403F766D4A41	44	t	2015-04-20	2018-04-20
18	18	Fallow Land	N2-A3	Rice	Narendra Bhai	6258	0106000000010000000103000000010000000500000020D9D2A90DECE1C057F574AD936D4A415077DEDAA9ECE1C0A41DFFDB636D4A41E0D776C72FF5E1C0572E18DB676D4A41A9BEC80D3FF4E1C06809FA20956D4A4120D9D2A90DECE1C057F574AD936D4A41	23	t	2015-04-20	2018-04-20
19	19	Fallow Land	N2-A3	Rice	Sahdev Kaul	1323	0106000000010000000103000000010000000500000053C95CD7B0F4E1C005E19ABA7F6D4A41E5551D9F9DF8E1C094A8C287806D4A41FAC6B0C609F8E1C0DFC8ECCC956D4A41A9BEC80D3FF4E1C06809FA20956D4A4153C95CD7B0F4E1C005E19ABA7F6D4A41	1	t	2015-04-20	2018-04-20
30	30	Fallow Land	N2-A4	Wheat	Jasdeep Kaur	15142	01060000000100000001030000000100000012000000B872C25E6AEDE1C0710C3AC2186D4A418066EFAF0BEDE1C02D13B079196D4A4140C53F438ED1E1C0C2733195136D4A411BA3284CB2D1E1C07554ABBB036D4A41A047974E8DD4E1C0AD11F91D046D4A41F59EBBA4A0D4E1C0054D3261FF6C4A41D088D418A6D6E1C0D10AC50EFE6C4A41A0853617F7E4E1C0AB6D78E0FD6C4A41EC156C16A4E5E1C08602FE9BE06C4A418030CE7AF9E5E1C059D2B9BFE06C4A41906BBB2555E6E1C066B917E6DA6C4A414BC63561F7EDE1C03C9F26C9DB6C4A41309E7B346FEDE1C09A029773F56C4A41518E72C7A4EDE1C03FC65B0CF86C4A4160AE710779EDE1C0095874FFF76C4A41A00C206335EDE1C068A8F6D0176D4A41EB4BF77E6AEDE1C0BFD0A98D186D4A41B872C25E6AEDE1C0710C3AC2186D4A41	31	\N	\N	\N
31	31	Fallow Land	N2-A3	Rice	Rohan Pratap	4	01060000000100000001030000000100000004000000870B0ACA71DEE1C0A579C24FCA6C4A41003D8F4089DEE1C0FC5EC75BCA6C4A41046B276D65DEE1C015893637D06C4A41870B0ACA71DEE1C0A579C24FCA6C4A41	12	\N	\N	\N
3	3	Barren Land	N2-A3	\N	Harpreet Singh	4129	01060000000100000001030000000100000007000000F2A65FC4761EE2C03861BA1D226D4A41D28B2794521FE2C02C0F4B18006D4A41108D44966E1FE2C0A790BB39006D4A41005AF7FE0026E2C0BADB9435076D4A412F8178F08327E2C0588D3E6A096D4A41E15F5B221A27E2C07614B573236D4A41F2A65FC4761EE2C03861BA1D226D4A41	51	\N	\N	\N
4	4	Agriculture	N2-A2	Maize	Guljinder Jindal	14842	0106000000010000000103000000010000000500000004D27355FF16E2C072AE74915D6D4A4170E2D219F617E2C0C73D4B1C216D4A41E15F5B221A27E2C07614B573236D4A416C60BE291F26E2C09BA44536616D4A4104D27355FF16E2C072AE74915D6D4A41	3	\N	\N	\N
5	5	Agriculture	N2-A2	Rice	Harinarayan Parekh	3415	010600000001000000010300000001000000050000007C59E5C5CA18E2C0FECD2E3D216D4A41CF7AD38BA019E2C06EBB864BF96C4A41D28B2794521FE2C02C0F4B18006D4A41F2A65FC4761EE2C03861BA1D226D4A417C59E5C5CA18E2C0FECD2E3D216D4A41	32	\N	\N	\N
33	33	Fallow Land	N2-A3	Wheat	Sarnam Singh	1207	01060000000100000001030000000100000006000000623F4C2F64EDE1C0252E8FDA226D4A41C693F5FB42E5E1C0FC1ABC31216D4A4132E194196EE5E1C0BB97C9D7176D4A418066EFAF0BEDE1C02D13B079196D4A41B872C25E6AEDE1C0710C3AC2186D4A41623F4C2F64EDE1C0252E8FDA226D4A41	43	\N	\N	\N
34	34	Fallow Land	N2-A3	Wheat	Sukhvinder PAl	9270	01060000000100000001030000000100000008000000EC156C16A4E5E1C08602FE9BE06C4A41A0853617F7E4E1C0AB6D78E0FD6C4A41D088D418A6D6E1C0D10AC50EFE6C4A41F59EBBA4A0D4E1C0054D3261FF6C4A41E095A49D42D5E1C019085DB2D76C4A41DC3333843DDEE1C0028895BDD66C4A4130227F8114DEE1C008B80472DD6C4A41EC156C16A4E5E1C08602FE9BE06C4A41	35	\N	\N	\N
35	35	Fallow Land	N2-A4	Rice	Nakul Dhagat	13412	010600000001000000010300000001000000050000004E7FA8FD6AC7E1C014F2D159026D4A41F0D2A1EA53C6E1C00B17AAA64D6D4A41EC9365242CBBE1C063AC63244B6D4A4140E339A637BCE1C081D23AD8006D4A414E7FA8FD6AC7E1C014F2D159026D4A41	45	\N	\N	\N
36	36	Fallow Land	N2-A4	Wheat	Arjun Kapoor	4921	010600000001000000010300000001000000070000006F0D3FCD91D1E1C0640AB206126D4A41F0659D92B0CCE1C08BA566BE116D4A4190F196A3BCCBE1C0DDE8D402306D4A41AEE4EF1CC7C6E1C0CFED8D912E6D4A414E7FA8FD6AC7E1C014F2D159026D4A411BA3284CB2D1E1C07554ABBB036D4A416F0D3FCD91D1E1C0640AB206126D4A41	29	\N	\N	\N
37	37	Fallow Land	N2-A4	Wheat	Nagarjun K.	15813	0106000000010000000103000000010000000C00000032E194196EE5E1C0BB97C9D7176D4A4170FC8B1AE3E4E1C0ED3062FD356D4A4160153905B2D6E1C0B86A13F7316D4A41E046E90EFBD5E1C056BF5EAA486D4A41D00180A12CCBE1C0219774E5456D4A4190FD5D8FD8CBE1C0F3736092326D4A417F2F336B75CBE1C0DF811DEE2F6D4A4190F196A3BCCBE1C0DDE8D402306D4A41F0659D92B0CCE1C08BA566BE116D4A416F0D3FCD91D1E1C0640AB206126D4A4140C53F438ED1E1C0C2733195136D4A4132E194196EE5E1C0BB97C9D7176D4A41	19	\N	\N	\N
38	38	Fallow Land	N2-A3	Wheat	Palwal Singh	1670	01060000000100000001030000000100000005000000DC04AC885CEDE1C0F45C30572F6D4A415BF9B6D907E5E1C0E0AA10052E6D4A41C693F5FB42E5E1C0FC1ABC31216D4A41623F4C2F64EDE1C0252E8FDA226D4A41DC04AC885CEDE1C0F45C30572F6D4A41	39	\N	\N	\N
39	39	Fallow Land	N2-A3	Wheat	Hridesh Gujjar	0	01060000000100000001030000000100000004000000DC04AC885CEDE1C0F45C30572F6D4A41D8183E0E64EDE1C084A661582F6D4A4135222B455BEDE1C036F42B67316D4A41DC04AC885CEDE1C0F45C30572F6D4A41	48	\N	\N	\N
40	40	Agriculture	N2-A3	Wheat	Nahal Singh	9260	0106000000010000000103000000010000000E0000006D310A3306EDE1C0AD8E2954456D4A41F000E59EFCE4E1C039D81265446D4A41205EE75BB7E4E1C06738547E4E6D4A41105C8C2829DCE1C0BC3481074D6D4A4100328F04E6DBE1C0C69BACEC506D4A413038092DE3D5E1C0CB5ED4FA4F6D4A412045B2F5D8D5E1C094D4A1A1486D4A41E046E90EFBD5E1C056BF5EAA486D4A4160153905B2D6E1C0B86A13F7316D4A4170FC8B1AE3E4E1C0ED3062FD356D4A415BF9B6D907E5E1C0E0AA10052E6D4A41DC04AC885CEDE1C0F45C30572F6D4A4135222B455BEDE1C036F42B67316D4A416D310A3306EDE1C0AD8E2954456D4A41	38	\N	\N	\N
41	41	Agriculture	N2-A4	Wheat	Sarwati Bano	3686	01060000000100000001030000000100000009000000D6FCD322E2D5E1C0070E593B4F6D4A4100B06E84FBD2E1C083857BF34F6D4A41B68256D057C6E1C0EB5376994C6D4A41AEE4EF1CC7C6E1C0CFED8D912E6D4A417F2F336B75CBE1C0DF811DEE2F6D4A4190FD5D8FD8CBE1C0F3736092326D4A41D00180A12CCBE1C0219774E5456D4A412045B2F5D8D5E1C094D4A1A1486D4A41D6FCD322E2D5E1C0070E593B4F6D4A41	14	\N	\N	\N
43	43	Agriculture	N2-A4	Rice	Sanjay Kapoor	4850	0106000000010000000103000000010000000A0000002A91E8EC6BD3E1C0A7708FA46F6D4A4110665A6638D3E1C00675A44E6F6D4A4160EE2348BED1E1C04B6212716E6D4A4147B8E368AFD2E1C07D044DDF4F6D4A4100B06E84FBD2E1C083857BF34F6D4A41D6FCD322E2D5E1C0070E593B4F6D4A413038092DE3D5E1C0CB5ED4FA4F6D4A41FF0FC4C3B8DBE1C0AFF08FE5506D4A4152638AB16BDBE1C0015756C3716D4A412A91E8EC6BD3E1C0A7708FA46F6D4A41	24	\N	\N	\N
44	44	Agriculture	N2-A3	Wheat	Himani Chauhan	9472	01060000000100000001030000000100000007000000944BDF5BB7E4E1C00537547E4E6D4A41F2898EB8DBE3E1C098319ABE916D4A416600368C25DBE1C05EB913AD8F6D4A41FF0FC4C3B8DBE1C0AFF08FE5506D4A4100328F04E6DBE1C0C69BACEC506D4A41105C8C2829DCE1C0BC3481074D6D4A41944BDF5BB7E4E1C00537547E4E6D4A41	33	\N	\N	\N
45	45	Built-up	N2-A3	\N	Sarvesh Singh Chauhan	6352	0106000000010000000103000000010000000D0000006F3ED3188FECE1C09527AC3E626D4A4160CB32D874ECE1C0A34EF7886E6D4A416BF0630487ECE1C032BC65866E6D4A4120D9D2A90DECE1C057F574AD936D4A410024B55DD7EBE1C04FC5D6A3936D4A41F2898EB8DBE3E1C098319ABE916D4A414059D91269E4E1C0197EB376666D4A418057858497E8E1C0A40FAD69666D4A414060B2D6B5E8E1C0E70819215D6D4A4180798C2097ECE1C0C491467C5E6D4A4145DD3C7493ECE1C0419B7C34606D4A4170958B2E8BECE1C02C0C8124626D4A416F3ED3188FECE1C09527AC3E626D4A41	46	\N	\N	\N
46	46	Agriculture	N2-A3	Wheat	Himani Sahani	3818	0106000000010000000103000000010000000A00000045DD3C7493ECE1C0419B7C34606D4A4180798C2097ECE1C0C491467C5E6D4A414060B2D6B5E8E1C0E70819215D6D4A418057858497E8E1C0A40FAD69666D4A414059D91269E4E1C0197EB376666D4A41944BDF5BB7E4E1C00537547E4E6D4A41205EE75BB7E4E1C06738547E4E6D4A41F000E59EFCE4E1C039D81265446D4A416D310A3306EDE1C0AD8E2954456D4A4145DD3C7493ECE1C0419B7C34606D4A41	52	\N	\N	\N
47	47	Agriculture	N2-A3	Rice	Rajendra Prasad	0	0106000000010000000103000000010000000400000045DD3C7493ECE1C0419B7C34606D4A416F3ED3188FECE1C09527AC3E626D4A4170958B2E8BECE1C02C0C8124626D4A4145DD3C7493ECE1C0419B7C34606D4A41	40	\N	\N	\N
48	48	Agriculture	N2-A3	Rice	Ikabal Khan	1892	010600000001000000010300000001000000050000009ABE6B184ADBE1C0B7DB3417806D4A41668D5485F3D2E1C0F07877BD7D6D4A417096357B37D3E1C07DDAA8966F6D4A4152638AB16BDBE1C0015756C3716D4A419ABE6B184ADBE1C0B7DB3417806D4A41	2	\N	\N	\N
49	49	Built-up	N2-A3	\N	Rahilah Begam	1821	01060000000100000001030000000100000005000000716D3C78B2BDE1C0BFE5496E886D4A417008770481BEE1C092A70C49716D4A4150C705401CC4E1C076EE99BC7B6D4A410E725390EDC3E1C0365FCD098A6D4A41716D3C78B2BDE1C0BFE5496E886D4A41	30	\N	\N	\N
50	50	Agriculture	N2-A4	Rice	Sanchar Singh	1419	010600000001000000010300000001000000060000005BDF452DADBAE1C03F90D0676E6D4A41E01C527B3ABEE1C0594540AA706D4A412E3FCDC378BEE1C0B9A8CA35726D4A41716D3C78B2BDE1C0BFE5496E886D4A4180498C9B52BAE1C01C686C8F876D4A415BDF452DADBAE1C03F90D0676E6D4A41	27	\N	\N	\N
51	51	Agriculture	N2-A4	Rice	Nagendra Pal Singh	1984	01060000000100000001030000000100000005000000E0AE82C74FC4E1C0D24595324D6D4A41D0F6206A51C4E1C0AC3F86C75A6D4A41D07A5E88FCBAE1C0EBBC7E5D586D4A41EC9365242CBBE1C063AC63244B6D4A41E0AE82C74FC4E1C0D24595324D6D4A41	11	\N	\N	\N
53	53	Built-up	N2-A3	\N	Yogesh Kumar	2129	01060000000100000001030000000100000005000000668D5485F3D2E1C0F07877BD7D6D4A419ABE6B184ADBE1C0B7DB3417806D4A416600368C25DBE1C05EB913AD8F6D4A41BA966312A7D2E1C0D5C0C6A88D6D4A41668D5485F3D2E1C0F07877BD7D6D4A41	25	\N	\N	\N
20	20	Built-up	N2-A3	\N	Jamuna Bai	1017	01060000000100000001030000000100000007000000519F6D3804F5E1C04451420C706D4A41F0EFB3B43FF9E1C0EC0D9425716D4A4108329BFE45F9E1C0D70535E7756D4A4140A798B5E7F8E1C03FCC18DF756D4A41E5551D9F9DF8E1C094A8C287806D4A4153C95CD7B0F4E1C005E19ABA7F6D4A41519F6D3804F5E1C04451420C706D4A41	20	t	2015-04-20	2018-04-20
21	21	Fallow Land	N2-A3	Wheat	Lakhan Singh	7986	010600000001000000010300000001000000080000006F3ED3188FECE1C09527AC3E626D4A4145DD3C7493ECE1C0419B7C34606D4A41C02F79CD72EDE1C02F6520E42B6D4A41B0B10EC4F0F5E1C0B8C953C72C6D4A4120FE03665AF5E1C0041E5CEA656D4A413C426E58F3F4E1C0BFDBC1BE676D4A41B2E72F95CFECE1C081DFAFED636D4A416F3ED3188FECE1C09527AC3E626D4A41	17	t	2015-04-20	2018-04-20
22	22	Fallow Land	N2-A3	Wheat	HArdayal Kaul	10515	0106000000010000000103000000010000000F000000BA9778ACD4F5E1C01D3264C42C6D4A4120C7A1FFFCF5E1C02C9E067B236D4A41900052B585FEE1C0A38C1FA2266D4A4150B16A6C39FEE1C0E411A5FB3D6D4A41BA45E7775DFEE1C0A63183FB416D4A41E0BB5E8E2CFEE1C0481AE6EB416D4A412F66F68F45FDE1C0EAB0403F766D4A4108329BFE45F9E1C0D70535E7756D4A41F0EFB3B43FF9E1C0EC0D9425716D4A41519F6D3804F5E1C04451420C706D4A41E0D776C72FF5E1C0572E18DB676D4A413C426E58F3F4E1C0BFDBC1BE676D4A4120FE03665AF5E1C0041E5CEA656D4A41B0B10EC4F0F5E1C0B8C953C72C6D4A41BA9778ACD4F5E1C01D3264C42C6D4A41	26	t	2015-04-20	2018-04-20
23	23	Fallow Land	N2-A3	Wheat	Krishna Agrawal	4531	0106000000010000000103000000010000000B000000F6E52AF541FEE1C031191889266D4A41C03D498A96FEE1C02E29B9ED1B6D4A41C080E3F3F204E2C0FCFF3D3A1D6D4A41AEE0CF368005E2C0A28CBA511E6D4A4120BCC20A1D05E2C057BACE35376D4A4171033717B406E2C0E5F2779E376D4A41681630A37606E2C055DA4D91446D4A41BA45E7775DFEE1C0A63183FB416D4A4150B16A6C39FEE1C0E411A5FB3D6D4A41900052B585FEE1C0A38C1FA2266D4A41F6E52AF541FEE1C031191889266D4A41	7	t	2015-04-20	2018-04-20
24	24	Fallow Land	N2-A3	Wheat	Niyati Chauhan	1547	01060000000100000001030000000100000007000000B95C783413F6E1C091C43A83236D4A41E0670792FDF5E1C0135EE532186D4A41E0CBFF7709FEE1C0EFCF17B01A6D4A41DFFF961E9DFEE1C0B81711EF1B6D4A41C03D498A96FEE1C02E29B9ED1B6D4A41F6E52AF541FEE1C031191889266D4A41B95C783413F6E1C091C43A83236D4A41	10	t	2015-04-20	2018-04-20
25	25	Fallow Land	N2-A3	Wheat	Khushboo Rani	1	0106000000010000000103000000010000000400000057126232B1EDE1C0758EFD38186D4A41B772C25E6AEDE1C0710C3AC2186D4A41D053ABBF6AEDE1C0BE071024186D4A4157126232B1EDE1C0758EFD38186D4A41	21	t	2015-04-20	2018-04-20
26	26	Fallow Land	N2-A3	Wheat	Kamlawati	7800	0106000000010000000103000000010000000A000000004B521878F6E1C00609CC58186D4A41A0643B9CB7F6E1C07C7C6803FB6C4A41F700734A3F07E2C03EB44551006D4A41C559D088BC06E2C047FF0C3C1E6D4A41301EB5DC8105E2C0AA9AD6E71D6D4A41AEE0CF368005E2C0A28CBA511E6D4A41C080E3F3F204E2C0FCFF3D3A1D6D4A41DFFF961E9DFEE1C0B81711EF1B6D4A41E0CBFF7709FEE1C0EFCF17B01A6D4A41004B521878F6E1C00609CC58186D4A41	41	t	2015-04-20	2018-04-20
27	27	Fallow Land	N2-A3	Wheat	Sateyendra Pal	6825	0106000000010000000103000000010000000C000000518E72C7A4EDE1C03FC65B0CF86C4A41309E7B346FEDE1C09A029773F56C4A41004A50C6FCEDE1C09048D8C4DA6C4A412070D7176CEEE1C06584F202DA6C4A41DE57245FEEEEE1C0F4BDD831BC6C4A4130F4301943EFE1C02D1BE048BC6C4A413056918827EFE1C01BE577B9C46C4A410063142880F3E1C063DDAA6EC86C4A41E68A6698AFF6E1C00434458DCE6C4A4180854B31A9F6E1C07D56A3DFF96C4A415E921832BBF6E1C0576B88BAFA6C4A41518E72C7A4EDE1C03FC65B0CF86C4A41	22	t	2015-04-20	2018-04-20
28	28	Fallow Land	N2-A3	Wheat	Kartar Gurjar	4740	0106000000010000000103000000010000000B000000EB4BF77E6AEDE1C0BFD0A98D186D4A41A00C206335EDE1C068A8F6D0176D4A4160AE710779EDE1C0095874FFF76C4A415E921832BBF6E1C0576B88BAFA6C4A41622CF272C1F6E1C054B19006FB6C4A41A0643B9CB7F6E1C07C7C6803FB6C4A41004B521878F6E1C00609CC58186D4A41E0670792FDF5E1C0135EE532186D4A413AEE295702F6E1C0B45D7DB11A6D4A41D053ABBF6AEDE1C0BE071024186D4A41EB4BF77E6AEDE1C0BFD0A98D186D4A41	15	t	2015-04-20	2018-04-20
29	29	Fallow Land	N2-A3	Wheat	Sakpal Singh	9158	0106000000010000000103000000010000000E0000004BC63561F7EDE1C03C9F26C9DB6C4A41906BBB2555E6E1C066B917E6DA6C4A418030CE7AF9E5E1C059D2B9BFE06C4A4130227F8114DEE1C008B80472DD6C4A41DC3333843DDEE1C0028895BDD66C4A4130C65CC957DEE1C05675C9BAD66C4A41046B276D65DEE1C015893637D06C4A41003D8F4089DEE1C0FC5EC75BCA6C4A41870B0ACA71DEE1C0A579C24FCA6C4A41305C4BA598DEE1C0BF7840C1B76C4A41DE57245FEEEEE1C0F4BDD831BC6C4A412070D7176CEEE1C06584F202DA6C4A41004A50C6FCEDE1C09048D8C4DA6C4A414BC63561F7EDE1C03C9F26C9DB6C4A41	47	t	2015-04-20	2018-04-20
42	42	Agriculture	N2-A3	Rice	Nakail Singh	19	010600000001000000010300000001000000060000006BF0630487ECE1C032BC65866E6D4A4160CB32D874ECE1C0A34EF7886E6D4A416F3ED3188FECE1C09527AC3E626D4A41B2E72F95CFECE1C081DFAFED636D4A415077DEDAA9ECE1C0A41DFFDB636D4A416BF0630487ECE1C032BC65866E6D4A41	8	t	2015-04-20	2018-04-20
52	52	Agriculture	N2-A4	Rice	Kamal Nath	18184	0106000000010000000103000000010000001300000047B8E368AFD2E1C07D044DDF4F6D4A4160EE2348BED1E1C04B6212716E6D4A4110665A6638D3E1C00675A44E6F6D4A412A91E8EC6BD3E1C0A7708FA46F6D4A417096357B37D3E1C07DDAA8966F6D4A41BA966312A7D2E1C0D5C0C6A88D6D4A41D0CF397E00CAE1C0C12CF49A8B6D4A410E725390EDC3E1C0365FCD098A6D4A4150C705401CC4E1C076EE99BC7B6D4A417008770481BEE1C092A70C49716D4A412E3FCDC378BEE1C0B9A8CA35726D4A41E01C527B3ABEE1C0594540AA706D4A415BDF452DADBAE1C03F90D0676E6D4A41D07A5E88FCBAE1C0EBBC7E5D586D4A41D0F6206A51C4E1C0AC3F86C75A6D4A41E0AE82C74FC4E1C0D24595324D6D4A41F0D2A1EA53C6E1C00B17AAA64D6D4A41B68256D057C6E1C0EB5376994C6D4A4147B8E368AFD2E1C07D044DDF4F6D4A41	16	t	2015-04-20	2018-04-20
1	1	Agriculture	N2-A2	Maize	Baljinder Kaur	21493	010600000001000000010300000001000000060000008777F94B780DE2C0BFECBD27986D4A41E0E0C378F50EE2C04EE8AAA15B6D4A41024B60270A29E2C02F6F3DEA616D4A41E0CC7CF90C21E2C07DA64CB6996D4A4100A07C9F811EE2C0AE3F3931996D4A418777F94B780DE2C0BFECBD27986D4A41	13	t	2015-04-20	2018-04-20
2	2	Agriculture	N2-A3	Rice	Baljinder Kaur	10108	010600000001000000010300000001000000080000006C60BE291F26E2C09BA44536616D4A412F8178F08327E2C0588D3E6A096D4A41B06B9FF2D82BE2C0E1279CBC0F6D4A41C0B20E110F2EE2C01CAB2E23146D4A41B0C239A2BD2FE2C08265FD9B156D4A41201C9A983733E2C003B328D51A6D4A41024B60270A29E2C02F6F3DEA616D4A416C60BE291F26E2C09BA44536616D4A41	13	t	2015-04-20	2018-04-20
\.


--
-- TOC entry 3220 (class 0 OID 0)
-- Dependencies: 183
-- Name: parcels_gid_seq; Type: SEQUENCE SET; Schema: public; Owner: postgres
--

SELECT pg_catalog.setval('parcels_gid_seq', 53, true);


--
-- TOC entry 3206 (class 0 OID 70913)
-- Dependencies: 188
-- Data for Name: soil_Nutr_Detail; Type: TABLE DATA; Schema: public; Owner: postgres
--

COPY "soil_Nutr_Detail" ("soil_Code", nitrogen, "Phos", pottas) FROM stdin;
N2-A2	45	17.5	37.5
N2-A3	60	15	25
N2-A4	70	20	10
\.


--
-- TOC entry 3076 (class 0 OID 62969)
-- Dependencies: 171
-- Data for Name: spatial_ref_sys; Type: TABLE DATA; Schema: public; Owner: postgres
--

COPY spatial_ref_sys (srid, auth_name, auth_srid, srtext, proj4text) FROM stdin;
\.


--
-- TOC entry 3086 (class 2606 OID 70917)
-- Name: PK_soilCode; Type: CONSTRAINT; Schema: public; Owner: postgres; Tablespace: 
--

ALTER TABLE ONLY "soil_Nutr_Detail"
    ADD CONSTRAINT "PK_soilCode" PRIMARY KEY ("soil_Code");


--
-- TOC entry 3084 (class 2606 OID 70912)
-- Name: ownerinfo_pkey; Type: CONSTRAINT; Schema: public; Owner: postgres; Tablespace: 
--

ALTER TABLE ONLY ownerinfo
    ADD CONSTRAINT ownerinfo_pkey PRIMARY KEY (id);


--
-- TOC entry 3082 (class 2606 OID 64003)
-- Name: parcels_pkey; Type: CONSTRAINT; Schema: public; Owner: postgres; Tablespace: 
--

ALTER TABLE ONLY parcels
    ADD CONSTRAINT parcels_pkey PRIMARY KEY (gid);


--
-- TOC entry 3080 (class 1259 OID 64007)
-- Name: parcels_geom_gist; Type: INDEX; Schema: public; Owner: postgres; Tablespace: 
--

CREATE INDEX parcels_geom_gist ON parcels USING gist (geom);


--
-- TOC entry 3213 (class 0 OID 0)
-- Dependencies: 5
-- Name: public; Type: ACL; Schema: -; Owner: postgres
--

REVOKE ALL ON SCHEMA public FROM PUBLIC;
REVOKE ALL ON SCHEMA public FROM postgres;
GRANT ALL ON SCHEMA public TO postgres;
GRANT ALL ON SCHEMA public TO PUBLIC;


-- Completed on 2015-04-24 22:46:18

--
-- PostgreSQL database dump complete
--

